<?xml version="1.0" encoding="UTF-8"?>
<?NLS TYPE="org.eclipse.help.toc"?>

<toc label="Table of Contents">
  <topic label="Using the QuickREx Plugin"  href="html/using.html"> 
	</topic>
  <topic label="Saving, Loading and Organizing Regular Expressions and Test-Texts"  href="html/persistence.html"> 
  </topic>
  <topic label="Changing Color- and Font-settings"  href="html/settings.html"> 
  </topic>
  <topic label="Customizing TAB-completion"  href="html/completions.html"> 
  </topic>
  <topic label="How QuickREx evaluates the Regular Expressions"  href="html/regExpressions.html"> 
  </topic>
</toc>
